{"cameraMode":{"drawMode":0,"name":"Shaded","section":"Shading Mode"},"sceneLighting":true,"audioPlay":false,"sceneViewState":{"showFog":true,"showMaterialUpdate":false,"showSkybox":true,"showFlares":true,"showImageEffects":true,"showParticleSystems":true},"in2DMode":false,"pivot":{"x":-24.761125564575197,"y":-4.597901344299316,"z":-16.481998443603517},"rotation":{"x":0.03425373136997223,"y":-0.963550865650177,"z":0.15154781937599183,"w":0.21778351068496705},"size":22.481510162353517,"orthographic":false}