{"cameraMode":{"drawMode":0,"name":"Shaded","section":"Shading Mode"},"sceneLighting":true,"audioPlay":false,"sceneViewState":{"showFog":true,"showMaterialUpdate":false,"showSkybox":true,"showFlares":true,"showImageEffects":true,"showParticleSystems":true},"in2DMode":false,"pivot":{"x":-17.733652114868165,"y":0.47005656361579897,"z":-4.49022102355957},"rotation":{"x":0.0305293258279562,"y":-0.5294225811958313,"z":0.01906791888177395,"w":0.8475943207740784},"size":1.6821556091308594,"orthographic":false}