{"cameraMode":{"drawMode":0,"name":"Shaded","section":"Shading Mode"},"sceneLighting":true,"audioPlay":false,"sceneViewState":{"showFog":true,"showMaterialUpdate":false,"showSkybox":true,"showFlares":true,"showImageEffects":true,"showParticleSystems":true},"in2DMode":false,"pivot":{"x":-17.091093063354493,"y":-4.152071952819824,"z":-20.86641502380371},"rotation":{"x":-0.005804877262562513,"y":-0.9910129904747009,"z":0.12553547322750092,"w":-0.04583073779940605},"size":21.85396385192871,"orthographic":false}