{"cameraMode":{"drawMode":0,"name":"Shaded","section":"Shading Mode"},"sceneLighting":true,"audioPlay":false,"sceneViewState":{"showFog":true,"showMaterialUpdate":false,"showSkybox":true,"showFlares":true,"showImageEffects":true,"showParticleSystems":true},"in2DMode":false,"pivot":{"x":1.524376630783081,"y":0.9343774914741516,"z":-4.198864936828613},"rotation":{"x":-0.041063692420721057,"y":0.2395242601633072,"z":-0.010140087455511094,"w":-0.9699686169624329},"size":2.0106399059295656,"orthographic":false}