{"cameraMode":{"drawMode":0,"name":"Shaded","section":"Shading Mode"},"sceneLighting":true,"audioPlay":false,"sceneViewState":{"showFog":true,"showMaterialUpdate":false,"showSkybox":true,"showFlares":true,"showImageEffects":true,"showParticleSystems":true},"in2DMode":false,"pivot":{"x":-24.761125564575197,"y":-4.597901344299316,"z":-16.481998443603517},"rotation":{"x":0.039587751030921939,"y":-0.9597544074058533,"z":0.1776248961687088,"w":0.21390126645565034},"size":23.74833106994629,"orthographic":false}