{"cameraMode":{"drawMode":0,"name":"Shaded","section":"Shading Mode"},"sceneLighting":true,"audioPlay":false,"sceneViewState":{"showFog":true,"showMaterialUpdate":false,"showSkybox":true,"showFlares":true,"showImageEffects":true,"showParticleSystems":true},"in2DMode":false,"pivot":{"x":10.649999618530274,"y":0.05000023916363716,"z":0.46543097496032717},"rotation":{"x":0.02715197019279003,"y":-0.5675455927848816,"z":0.01874442584812641,"w":0.8226807117462158},"size":22.14455223083496,"orthographic":true}