{"cameraMode":{"drawMode":0,"name":"Shaded","section":"Shading Mode"},"sceneLighting":true,"audioPlay":false,"sceneViewState":{"showFog":true,"showMaterialUpdate":false,"showSkybox":true,"showFlares":true,"showImageEffects":true,"showParticleSystems":true},"in2DMode":false,"pivot":{"x":-28.49507713317871,"y":-1.6517057418823243,"z":6.555263042449951},"rotation":{"x":-0.0637393668293953,"y":0.46244174242019656,"z":-0.03335369750857353,"w":-0.8837264776229858},"size":18.821096420288087,"orthographic":false}