{"cameraMode":{"drawMode":0,"name":"Shaded","section":"Shading Mode"},"sceneLighting":true,"audioPlay":false,"sceneViewState":{"showFog":true,"showMaterialUpdate":false,"showSkybox":true,"showFlares":true,"showImageEffects":true,"showParticleSystems":true},"in2DMode":false,"pivot":{"x":8.981359481811524,"y":-0.6156072616577148,"z":21.920242309570314},"rotation":{"x":0.11107976734638214,"y":0.0029770168475806715,"z":-0.0003325482248328626,"w":0.9938070178031921},"size":13.048349380493164,"orthographic":false}