{"cameraMode":{"drawMode":0,"name":"Shaded","section":"Shading Mode"},"sceneLighting":true,"audioPlay":false,"sceneViewState":{"showFog":true,"showMaterialUpdate":false,"showSkybox":true,"showFlares":true,"showImageEffects":true,"showParticleSystems":true},"in2DMode":false,"pivot":{"x":9.359926223754883,"y":2.089547872543335,"z":4.817698001861572},"rotation":{"x":0.040463726967573169,"y":-0.29096201062202456,"z":0.012317829765379429,"w":0.9557991623878479},"size":-2.861180305480957,"orthographic":false}