{"cameraMode":{"drawMode":0,"name":"Shaded","section":"Shading Mode"},"sceneLighting":true,"audioPlay":false,"sceneViewState":{"showFog":true,"showMaterialUpdate":false,"showSkybox":true,"showFlares":true,"showImageEffects":true,"showParticleSystems":true},"in2DMode":false,"pivot":{"x":9.620359420776368,"y":-2.3987438678741457,"z":3.3959126472473146},"rotation":{"x":-0.42805665731430056,"y":0.10854669660329819,"z":-0.05187411233782768,"w":-0.8957087993621826},"size":11.200000762939454,"orthographic":false}