{"cameraMode":{"drawMode":6,"name":"Overdraw","section":"Miscellaneous"},"sceneLighting":true,"audioPlay":false,"sceneViewState":{"showFog":true,"showMaterialUpdate":false,"showSkybox":true,"showFlares":true,"showImageEffects":true,"showParticleSystems":true},"in2DMode":false,"pivot":{"x":8.37769889831543,"y":0.5339628458023071,"z":-0.07175891101360321},"rotation":{"x":0.11703606694936753,"y":-0.3052322268486023,"z":0.037823647260665897,"w":0.9443014860153198},"size":3.330711841583252,"orthographic":true}