{"cameraMode":{"drawMode":0,"name":"Shaded","section":"Shading Mode"},"sceneLighting":true,"audioPlay":false,"sceneViewState":{"showFog":true,"showMaterialUpdate":false,"showSkybox":true,"showFlares":true,"showImageEffects":true,"showParticleSystems":true},"in2DMode":false,"pivot":{"x":7.5711212158203129,"y":0.6864013671875,"z":-1.1767578125},"rotation":{"x":0.01680702343583107,"y":-0.008134537376463414,"z":0.0001309706422034651,"w":0.9998257160186768},"size":3.017665386199951,"orthographic":true}