{"cameraMode":{"drawMode":0,"name":"Shaded","section":"Shading Mode"},"sceneLighting":true,"audioPlay":false,"sceneViewState":{"showFog":true,"showMaterialUpdate":false,"showSkybox":true,"showFlares":true,"showImageEffects":true,"showParticleSystems":true},"in2DMode":false,"pivot":{"x":0.4947596788406372,"y":-5.001552581787109,"z":1.0768437385559083},"rotation":{"x":-0.04391957446932793,"y":0.9551607966423035,"z":-0.1844983696937561,"w":-0.2273748815059662},"size":17.780244827270509,"orthographic":false}