{"cameraMode":{"drawMode":0,"name":"Shaded","section":"Shading Mode"},"sceneLighting":true,"audioPlay":false,"sceneViewState":{"showFog":true,"showMaterialUpdate":false,"showSkybox":true,"showFlares":true,"showImageEffects":true,"showParticleSystems":true},"in2DMode":false,"pivot":{"x":7.624251365661621,"y":-0.7764511108398438,"z":14.982500076293946},"rotation":{"x":-0.0051261791959404949,"y":0.8457203507423401,"z":-0.533539891242981,"w":-0.008124205283820629},"size":3.9900336265563967,"orthographic":false}