{"cameraMode":{"drawMode":0,"name":"Shaded","section":"Shading Mode"},"sceneLighting":true,"audioPlay":false,"sceneViewState":{"showFog":true,"showMaterialUpdate":false,"showSkybox":true,"showFlares":true,"showImageEffects":true,"showParticleSystems":true},"in2DMode":false,"pivot":{"x":9.599442481994629,"y":0.41268062591552737,"z":-0.4036741256713867},"rotation":{"x":0.27738744020462038,"y":-0.13120108842849732,"z":0.03826931118965149,"w":0.9509878754615784},"size":4.7019758224487309,"orthographic":false}