{"cameraMode":{"drawMode":1,"name":"Wireframe","section":"Shading Mode"},"sceneLighting":true,"audioPlay":false,"sceneViewState":{"showFog":true,"showMaterialUpdate":false,"showSkybox":true,"showFlares":true,"showImageEffects":true,"showParticleSystems":true},"in2DMode":false,"pivot":{"x":8.33935546875,"y":6.4083251953125,"z":0.890625},"rotation":{"x":0.17414803802967072,"y":-0.07083259522914887,"z":0.012560323812067509,"w":0.9820883274078369},"size":23.523744583129884,"orthographic":true}