{"cameraMode":{"drawMode":0,"name":"Shaded","section":"Shading Mode"},"sceneLighting":true,"audioPlay":false,"sceneViewState":{"showFog":true,"showMaterialUpdate":false,"showSkybox":true,"showFlares":true,"showImageEffects":true,"showParticleSystems":true},"in2DMode":false,"pivot":{"x":8.77653694152832,"y":-0.25112247467041018,"z":0.8239164352416992},"rotation":{"x":-0.13452397286891938,"y":-0.07365478575229645,"z":0.010026774369180203,"w":-0.9881183505058289},"size":7.932843208312988,"orthographic":false}