{"cameraMode":{"drawMode":0,"name":"Shaded","section":"Shading Mode"},"sceneLighting":true,"audioPlay":false,"sceneViewState":{"showFog":true,"showMaterialUpdate":false,"showSkybox":true,"showFlares":true,"showImageEffects":true,"showParticleSystems":true},"in2DMode":false,"pivot":{"x":1.5699453353881837,"y":-4.957462310791016,"z":-6.916037082672119},"rotation":{"x":-0.178227499127388,"y":0.8115097880363464,"z":-0.31551074981689455,"w":-0.45840930938720705},"size":16.62171173095703,"orthographic":false}