{"cameraMode":{"drawMode":0,"name":"Shaded","section":"Shading Mode"},"sceneLighting":true,"audioPlay":false,"sceneViewState":{"showFog":true,"showMaterialUpdate":false,"showSkybox":true,"showFlares":true,"showImageEffects":true,"showParticleSystems":true},"in2DMode":false,"pivot":{"x":-1.6932322978973389,"y":-1.1026341915130616,"z":-6.312638282775879},"rotation":{"x":0.33762121200561526,"y":0.612714409828186,"z":-0.3250937759876251,"w":0.6363281607627869},"size":7.316192626953125,"orthographic":false}