{"cameraMode":{"drawMode":0,"name":"Shaded","section":"Shading Mode"},"sceneLighting":true,"audioPlay":false,"sceneViewState":{"showFog":true,"showMaterialUpdate":false,"showSkybox":true,"showFlares":true,"showImageEffects":true,"showParticleSystems":true},"in2DMode":false,"pivot":{"x":10.348135948181153,"y":0.7586057186126709,"z":5.972275733947754},"rotation":{"x":-0.039625704288482669,"y":-0.9553619623184204,"z":0.25088730454444888,"w":-0.15089395642280579},"size":1.7197179794311524,"orthographic":false}