{"cameraMode":{"drawMode":0,"name":"Shaded","section":"Shading Mode"},"sceneLighting":true,"audioPlay":false,"sceneViewState":{"showFog":false,"showMaterialUpdate":false,"showSkybox":false,"showFlares":false,"showImageEffects":false,"showParticleSystems":false},"in2DMode":false,"pivot":{"x":-3.3468799591064455,"y":7.7411394119262699,"z":3.6159629821777345},"rotation":{"x":0.07496105134487152,"y":0.21311059594154359,"z":-0.01640167646110058,"w":0.974010169506073},"size":19.519916534423829,"orthographic":false}