{"cameraMode":{"drawMode":0,"name":"Shaded","section":"Shading Mode"},"sceneLighting":true,"audioPlay":false,"sceneViewState":{"showFog":false,"showMaterialUpdate":false,"showSkybox":false,"showFlares":false,"showImageEffects":false,"showParticleSystems":false},"in2DMode":false,"pivot":{"x":-3.3468799591064455,"y":7.7411394119262699,"z":3.6159629821777345},"rotation":{"x":0.1347399353981018,"y":0.15333209931850434,"z":-0.021109696477651597,"w":0.9787179827690125},"size":20.262117385864259,"orthographic":false}